Query_Identifier,Dataset_Scale_Gigabytes,Optimization_Strategy,Total_Alternatives_Evaluated,Selected_Plan_Index,Winning_Plan_Estimated_Cost,Metric_Unit,Plan_Option_0_Cost_Seconds,Plan_Option_1_Cost_Seconds,Plan_Option_0_Cost_Joules,Plan_Option_1_Cost_Joules
1,1.0,PERFORMANCE,2,1,1.5439552068710327,Seconds,1.8648730516433716,1.5439552068710327,,
1,1.0,ECO,2,0,3.686964511871338,Joules,,,3.686964511871338,4.054835319519043
2,1.0,PERFORMANCE,2,1,1.698015809059143,Seconds,2.0089688301086426,1.698015809059143,,
2,1.0,ECO,2,0,3.4061288833618164,Joules,,,3.4061288833618164,3.817969799041748
3,1.0,PERFORMANCE,2,1,0.5965842008590698,Seconds,0.853739321231842,0.5965842008590698,,
3,1.0,ECO,2,0,2.6633682250976562,Joules,,,2.6633682250976562,3.158792018890381
4,1.0,PERFORMANCE,2,1,0.7375747561454773,Seconds,1.0570200681686401,0.7375747561454773,,
4,1.0,ECO,2,0,2.411874532699585,Joules,,,2.411874532699585,2.899292230606079
5,1.0,PERFORMANCE,2,1,0.7804035544395447,Seconds,1.0767556428909302,0.7804035544395447,,
5,1.0,ECO,2,0,2.691628932952881,Joules,,,2.691628932952881,3.160630941390991
6,1.0,PERFORMANCE,2,1,0.3837180733680725,Seconds,0.5415614247322083,0.3837180733680725,,
6,1.0,ECO,2,0,2.7340004444122314,Joules,,,2.7340004444122314,3.23419189453125
7,1.0,PERFORMANCE,2,1,1.543397068977356,Seconds,1.9092572927474976,1.543397068977356,,
7,1.0,ECO,2,0,3.270096778869629,Joules,,,3.270096778869629,3.640369176864624
8,1.0,PERFORMANCE,2,1,0.5115883946418762,Seconds,0.737937867641449,0.5115883946418762,,
8,1.0,ECO,2,0,2.457235813140869,Joules,,,2.457235813140869,2.876384973526001
9,1.0,PERFORMANCE,2,1,0.9976200461387634,Seconds,1.3645050525665283,0.9976200461387634,,
9,1.0,ECO,2,0,2.7522430419921875,Joules,,,2.7522430419921875,3.26846981048584
10,1.0,PERFORMANCE,2,1,0.34917759895324707,Seconds,0.5466369390487671,0.34917759895324707,,
10,1.0,ECO,2,0,2.3213999271392822,Joules,,,2.3213999271392822,2.785834312438965
11,1.0,PERFORMANCE,2,1,0.24275560677051544,Seconds,0.38213685154914856,0.24275560677051544,,
11,1.0,ECO,2,0,1.6812819242477417,Joules,,,1.6812819242477417,2.1068365573883057
12,1.0,PERFORMANCE,2,1,0.6949554681777954,Seconds,0.9779776930809021,0.6949554681777954,,
12,1.0,ECO,2,0,2.6267271041870117,Joules,,,2.6267271041870117,3.0893259048461914
13,1.0,PERFORMANCE,2,1,0.24508443474769592,Seconds,0.30641382932662964,0.24508443474769592,,
13,1.0,ECO,2,0,2.2693252563476562,Joules,,,2.2693252563476562,2.757871627807617
14,1.0,PERFORMANCE,2,1,0.18658696115016937,Seconds,0.24343350529670715,0.18658696115016937,,
14,1.0,ECO,2,0,1.9675395488739014,Joules,,,1.9675395488739014,2.449850559234619
15,1.0,PERFORMANCE,2,1,0.1757553666830063,Seconds,0.21982650458812714,0.1757553666830063,,
15,1.0,ECO,2,0,2.314626693725586,Joules,,,2.314626693725586,2.820901870727539
16,1.0,PERFORMANCE,2,1,0.30033576488494873,Seconds,0.4100114405155182,0.30033576488494873,,
16,1.0,ECO,2,0,1.7836471796035767,Joules,,,1.7836471796035767,2.272336483001709
17,1.0,PERFORMANCE,2,1,0.17141763865947723,Seconds,0.2226840853691101,0.17141763865947723,,
17,1.0,ECO,2,0,2.601012706756592,Joules,,,2.601012706756592,3.0536112785339355
18,1.0,PERFORMANCE,2,1,1.5836665630340576,Seconds,1.9752477407455444,1.5836665630340576,,
18,1.0,ECO,2,0,3.662036180496216,Joules,,,3.662036180496216,4.0669636726379395
19,1.0,PERFORMANCE,2,1,0.17161467671394348,Seconds,0.23090586066246033,0.17161467671394348,,
19,1.0,ECO,2,0,1.643553376197815,Joules,,,1.643553376197815,2.1102843284606934
20,1.0,PERFORMANCE,2,1,0.9877476692199707,Seconds,1.3575512170791626,0.9877476692199707,,
20,1.0,ECO,2,0,3.960568904876709,Joules,,,3.960568904876709,4.399226665496826
21,1.0,PERFORMANCE,2,1,0.9591298699378967,Seconds,1.2387192249298096,0.9591298699378967,,
21,1.0,ECO,2,0,3.56231689453125,Joules,,,3.56231689453125,3.9015204906463623
22,1.0,PERFORMANCE,2,1,0.2626579999923706,Seconds,0.33349117636680603,0.2626579999923706,,
22,1.0,ECO,2,0,1.849589467048645,Joules,,,1.849589467048645,2.3211255073547363
1,3.0,PERFORMANCE,2,1,3.438582420349121,Seconds,3.4952151775360107,3.438582420349121,,
1,3.0,ECO,2,0,5.480702877044678,Joules,,,5.480702877044678,5.749762535095215
2,3.0,PERFORMANCE,2,0,3.007913827896118,Seconds,3.007913827896118,3.081963539123535,,
2,3.0,ECO,2,0,4.704741477966309,Joules,,,4.704741477966309,5.153066158294678
3,3.0,PERFORMANCE,2,1,1.9266256093978882,Seconds,2.2468273639678955,1.9266256093978882,,
3,3.0,ECO,2,0,4.022356033325195,Joules,,,4.022356033325195,4.435439586639404
4,3.0,PERFORMANCE,2,1,2.2181501388549805,Seconds,2.6073477268218994,2.2181501388549805,,
4,3.0,ECO,2,0,3.6843080520629883,Joules,,,3.6843080520629883,4.164917469024658
5,3.0,PERFORMANCE,2,1,2.353591203689575,Seconds,2.68670916557312,2.353591203689575,,
5,3.0,ECO,2,0,4.025491714477539,Joules,,,4.025491714477539,4.395002841949463
6,3.0,PERFORMANCE,2,1,1.4207266569137573,Seconds,1.8174010515213013,1.4207266569137573,,
6,3.0,ECO,2,0,4.051835060119629,Joules,,,4.051835060119629,4.470303535461426
7,3.0,PERFORMANCE,2,1,3.418344020843506,Seconds,3.689781665802002,3.418344020843506,,
7,3.0,ECO,2,0,4.361764907836914,Joules,,,4.361764907836914,4.980067253112793
8,3.0,PERFORMANCE,2,0,1.661305546760559,Seconds,1.661305546760559,1.764288306236267,,
8,3.0,ECO,2,0,3.214273691177368,Joules,,,3.214273691177368,3.945671796798706
9,3.0,PERFORMANCE,2,1,2.794041872024536,Seconds,3.080000877380371,2.794041872024536,,
9,3.0,ECO,2,0,4.33112096786499,Joules,,,4.33112096786499,4.655277729034424
10,3.0,PERFORMANCE,2,1,1.443899393081665,Seconds,1.7441047430038452,1.443899393081665,,
10,3.0,ECO,2,0,3.657134771347046,Joules,,,3.657134771347046,4.1037726402282715
11,3.0,PERFORMANCE,2,1,1.1232331991195679,Seconds,1.5665607452392578,1.1232331991195679,,
11,3.0,ECO,2,0,3.018847703933716,Joules,,,3.018847703933716,3.3575873374938965
12,3.0,PERFORMANCE,2,1,2.0997822284698486,Seconds,2.5330584049224854,2.0997822284698486,,
12,3.0,ECO,2,0,3.985886335372925,Joules,,,3.985886335372925,4.320672988891602
13,3.0,PERFORMANCE,2,1,0.7786622643470764,Seconds,0.9853659868240356,0.7786622643470764,,
13,3.0,ECO,2,0,3.2395286560058594,Joules,,,3.2395286560058594,3.860445022583008
14,3.0,PERFORMANCE,2,1,0.7105081081390381,Seconds,0.9131788611412048,0.7105081081390381,,
14,3.0,ECO,2,0,3.1518473625183105,Joules,,,3.1518473625183105,3.6601130962371826
15,3.0,PERFORMANCE,2,1,0.4611678719520569,Seconds,0.6592845320701599,0.4611678719520569,,
15,3.0,ECO,2,0,3.49922513961792,Joules,,,3.49922513961792,3.9896576404571533
16,3.0,PERFORMANCE,2,1,1.1612305641174316,Seconds,1.207140564918518,1.1612305641174316,,
16,3.0,ECO,2,0,2.8514575958251953,Joules,,,2.8514575958251953,3.3962860107421875
17,3.0,PERFORMANCE,2,1,0.57844078540802,Seconds,0.8362428545951843,0.57844078540802,,
17,3.0,ECO,2,0,4.03761625289917,Joules,,,4.03761625289917,4.434666156768799
18,3.0,PERFORMANCE,2,1,3.557314157485962,Seconds,3.5900065898895264,3.557314157485962,,
18,3.0,ECO,2,0,5.48561954498291,Joules,,,5.48561954498291,5.7546844482421875
19,3.0,PERFORMANCE,2,1,0.7388622760772705,Seconds,0.9310298562049866,0.7388622760772705,,
19,3.0,ECO,2,0,2.4681220054626465,Joules,,,2.4681220054626465,3.1672918796539307
20,3.0,PERFORMANCE,2,1,2.496424436569214,Seconds,2.7847342491149902,2.496424436569214,,
20,3.0,ECO,2,0,5.696639060974121,Joules,,,5.696639060974121,5.96875524520874
21,3.0,PERFORMANCE,2,0,2.4439470767974854,Seconds,2.4439470767974854,2.6139936447143555,,
21,3.0,ECO,2,0,4.856585502624512,Joules,,,4.856585502624512,5.376503944396973
22,3.0,PERFORMANCE,2,1,0.8761545419692993,Seconds,0.9670155644416809,0.8761545419692993,,
22,3.0,ECO,2,0,2.394266366958618,Joules,,,2.394266366958618,3.1040899753570557
1,5.0,PERFORMANCE,2,0,4.011171817779541,Seconds,4.011171817779541,4.313162326812744,,
1,5.0,ECO,2,0,6.631903171539307,Joules,,,6.631903171539307,7.169949054718018
2,5.0,PERFORMANCE,2,0,3.377607583999634,Seconds,3.377607583999634,3.681469202041626,,
2,5.0,ECO,2,0,5.64230489730835,Joules,,,5.64230489730835,6.179421424865723
3,5.0,PERFORMANCE,2,0,2.746875762939453,Seconds,2.746875762939453,3.0536255836486816,,
3,5.0,ECO,2,0,4.957342147827148,Joules,,,4.957342147827148,5.493002891540527
4,5.0,PERFORMANCE,2,0,3.2909584045410156,Seconds,3.2909584045410156,3.553898572921753,,
4,5.0,ECO,2,0,4.614823818206787,Joules,,,4.614823818206787,5.149282932281494
5,5.0,PERFORMANCE,2,0,3.1523804664611816,Seconds,3.1523804664611816,3.463690757751465,,
5,5.0,ECO,2,0,4.970501899719238,Joules,,,4.970501899719238,5.506200313568115
6,5.0,PERFORMANCE,2,0,2.31602144241333,Seconds,2.31602144241333,2.6345632076263428,,
6,5.0,ECO,2,0,5.073566436767578,Joules,,,5.073566436767578,5.609549045562744
7,5.0,PERFORMANCE,2,0,4.500927925109863,Seconds,4.500927925109863,4.650333404541016,,
7,5.0,ECO,2,0,5.290719985961914,Joules,,,5.290719985961914,5.827213287353516
8,5.0,PERFORMANCE,2,0,1.9151772260665894,Seconds,1.9151772260665894,2.257188081741333,,
8,5.0,ECO,2,0,3.9621033668518066,Joules,,,3.9621033668518066,4.577624320983887
9,5.0,PERFORMANCE,2,0,3.872269868850708,Seconds,3.872269868850708,4.038968563079834,,
9,5.0,ECO,2,0,5.325605869293213,Joules,,,5.325605869293213,5.862170696258545
10,5.0,PERFORMANCE,2,0,2.2085578441619873,Seconds,2.2085578441619873,2.5205259323120117,,
10,5.0,ECO,2,0,4.575153827667236,Joules,,,4.575153827667236,5.109445095062256
11,5.0,PERFORMANCE,2,1,2.799673557281494,Seconds,2.8025567531585693,2.799673557281494,,
11,5.0,ECO,2,0,4.133971214294434,Joules,,,4.133971214294434,4.672149658203125
12,5.0,PERFORMANCE,2,0,2.999239444732666,Seconds,2.999239444732666,3.290156126022339,,
12,5.0,ECO,2,0,4.998616695404053,Joules,,,4.998616695404053,5.534395694732666
13,5.0,PERFORMANCE,2,0,1.3726738691329956,Seconds,1.3726738691329956,1.6548844575881958,,
13,5.0,ECO,2,0,4.133808612823486,Joules,,,4.133808612823486,4.6723313331604
14,5.0,PERFORMANCE,2,0,1.5900756120681763,Seconds,1.5900756120681763,1.7946685552597046,,
14,5.0,ECO,2,0,4.060194492340088,Joules,,,4.060194492340088,4.592457294464111
15,5.0,PERFORMANCE,2,0,1.3386646509170532,Seconds,1.3386646509170532,1.4666720628738403,,
15,5.0,ECO,2,0,4.378073692321777,Joules,,,4.378073692321777,4.91142463684082
16,5.0,PERFORMANCE,2,0,1.4527380466461182,Seconds,1.4527380466461182,1.7302063703536987,,
16,5.0,ECO,2,0,3.6908884048461914,Joules,,,3.6908884048461914,4.2322773933410645
17,5.0,PERFORMANCE,2,0,1.6109603643417358,Seconds,1.6109603643417358,1.6270294189453125,,
17,5.0,ECO,2,0,4.972769737243652,Joules,,,4.972769737243652,5.508475303649902
18,5.0,PERFORMANCE,2,0,4.067408561706543,Seconds,4.067408561706543,4.378442764282227,,
18,5.0,ECO,2,0,6.646161079406738,Joules,,,6.646161079406738,7.184215545654297
19,5.0,PERFORMANCE,2,0,1.679325819015503,Seconds,1.679325819015503,1.6810969114303589,,
19,5.0,ECO,2,0,3.0964643955230713,Joules,,,3.0964643955230713,3.689474105834961
20,5.0,PERFORMANCE,2,0,3.5214083194732666,Seconds,3.5214083194732666,3.7624406814575195,,
20,5.0,ECO,2,0,7.030223369598389,Joules,,,7.030223369598389,7.568450450897217
21,5.0,PERFORMANCE,2,0,2.7607595920562744,Seconds,2.7607595920562744,3.13558292388916,,
21,5.0,ECO,2,0,5.797825813293457,Joules,,,5.797825813293457,6.335156440734863
22,5.0,PERFORMANCE,2,0,1.227146029472351,Seconds,1.227146029472351,1.439141035079956,,
22,5.0,ECO,2,0,2.8384745121002197,Joules,,,2.8384745121002197,3.539592981338501
